{
  "feature": "biomesoplenty:acacia_twiglet_small",
  "placement": [
    {
      "type": "minecraft:block_predicate_filter",
      "predicate": {
        "type": "minecraft:any_of",
        "predicates": [
          {
            "type": "minecraft:matching_blocks",
            "blocks": [
              "minecraft:sand",
              "biomesoplenty:orange_sand"
            ],
            "offset": [
              0,
              -1,
              0
            ]
          }
        ]
      }
    }
  ]
}