{
  "feature": "biomesoplenty:disk_hot_spring_thermal_calcite",
  "placement": [
    {
      "type": "minecraft:count",
      "count": 100
    },
    {
      "type": "minecraft:in_square"
    },
    {
      "type": "minecraft:heightmap",
      "heightmap": "OCEAN_FLOOR"
    },
    {
      "type": "minecraft:block_predicate_filter",
      "predicate": {
        "type": "minecraft:matching_fluids",
        "fluids": "minecraft:water"
      }
    },
    {
      "type": "minecraft:biome"
    }
  ]
}