{
  "type": "biomesoplenty:bayou_tree",
  "config": {
    "alt_foliage_provider": {
      "type": "minecraft:simple_state_provider",
      "state": {
        "Name": "minecraft:air"
      }
    },
    "decorators": [],
    "foliage_provider": {
      "type": "minecraft:simple_state_provider",
      "state": {
        "Name": "biomesoplenty:willow_leaves",
        "Properties": {
          "distance": "7",
          "mossy": "false",
          "persistent": "false",
          "waterlogged": "false"
        }
      }
    },
    "hanging_provider": {
      "type": "minecraft:simple_state_provider",
      "state": {
        "Name": "minecraft:air"
      }
    },
    "max_height": 15,
    "min_height": 8,
    "trunk_fruit_provider": {
      "type": "minecraft:simple_state_provider",
      "state": {
        "Name": "minecraft:air"
      }
    },
    "trunk_provider": {
      "type": "minecraft:simple_state_provider",
      "state": {
        "Name": "biomesoplenty:willow_log",
        "Properties": {
          "axis": "y"
        }
      }
    },
    "trunk_width": 1,
    "vine_provider": {
      "type": "minecraft:simple_state_provider",
      "state": {
        "Name": "biomesoplenty:willow_vine",
        "Properties": {
          "east": "false",
          "north": "false",
          "south": "false",
          "up": "false",
          "west": "false"
        }
      }
    }
  }
}