{
  "type": "minecraft:disk",
  "config": {
    "half_height": 2,
    "radius": {
      "type": "minecraft:uniform",
      "max_inclusive": 8,
      "min_inclusive": 6
    },
    "state_provider": {
      "fallback": {
        "type": "minecraft:simple_state_provider",
        "state": {
          "Name": "biomesoplenty:white_sandstone"
        }
      },
      "rules": []
    },
    "target": {
      "type": "minecraft:matching_blocks",
      "blocks": [
        "minecraft:stone",
        "minecraft:sandstone",
        "minecraft:granite",
        "minecraft:diorite",
        "minecraft:andesite"
      ]
    }
  }
}