{
  "type": "minecraft:disk",
  "config": {
    "half_height": 1,
    "radius": {
      "type": "minecraft:uniform",
      "max_inclusive": 5,
      "min_inclusive": 3
    },
    "state_provider": {
      "fallback": {
        "type": "minecraft:simple_state_provider",
        "state": {
          "Name": "biomesoplenty:thermal_calcite",
          "Properties": {
            "distance": "5"
          }
        }
      },
      "rules": []
    },
    "target": {
      "type": "minecraft:matching_blocks",
      "blocks": [
        "minecraft:dirt",
        "minecraft:coarse_dirt",
        "minecraft:podzol",
        "minecraft:grass_block",
        "minecraft:sand",
        "minecraft:gravel",
        "minecraft:clay",
        "minecraft:andesite",
        "minecraft:granite",
        "minecraft:diorite",
        "minecraft:stone",
        "minecraft:packed_mud",
        "minecraft:smooth_basalt",
        "minecraft:calcite"
      ]
    }
  }
}