{
  "type": "minecraft:flower",
  "config": {
    "feature": {
      "feature": {
        "type": "minecraft:simple_block",
        "config": {
          "to_place": {
            "type": "minecraft:weighted_state_provider",
            "entries": [
              {
                "data": {
                  "Name": "biomesoplenty:white_lavender"
                },
                "weight": 1
              },
              {
                "data": {
                  "Name": "minecraft:poppy"
                },
                "weight": 1
              },
              {
                "data": {
                  "Name": "minecraft:dandelion"
                },
                "weight": 1
              }
            ]
          }
        }
      },
      "placement": [
        {
          "type": "minecraft:block_predicate_filter",
          "predicate": {
            "type": "minecraft:matching_blocks",
            "blocks": "minecraft:air"
          }
        }
      ]
    },
    "tries": 64,
    "xz_spread": 7,
    "y_spread": 3
  }
}