{
  "type": "minecraft:block_column",
  "config": {
    "allowed_placement": {
      "type": "minecraft:matching_blocks",
      "blocks": "minecraft:air"
    },
    "direction": "down",
    "layers": [
      {
        "height": {
          "type": "minecraft:weighted_list",
          "distribution": [
            {
              "data": {
                "type": "minecraft:uniform",
                "max_inclusive": 11,
                "min_inclusive": 0
              },
              "weight": 2
            },
            {
              "data": {
                "type": "minecraft:uniform",
                "max_inclusive": 5,
                "min_inclusive": 0
              },
              "weight": 3
            },
            {
              "data": {
                "type": "minecraft:uniform",
                "max_inclusive": 2,
                "min_inclusive": 0
              },
              "weight": 10
            }
          ]
        },
        "provider": {
          "type": "minecraft:simple_state_provider",
          "state": {
            "Name": "biomesoplenty:glowworm_silk_strand"
          }
        }
      },
      {
        "height": 1,
        "provider": {
          "type": "minecraft:simple_state_provider",
          "state": {
            "Name": "biomesoplenty:glowworm_silk",
            "Properties": {
              "age": "0"
            }
          }
        }
      }
    ],
    "prioritize_tip": true
  }
}