{
  "type": "minecraft:spring_feature",
  "config": {
    "hole_count": 1,
    "requires_block_below": true,
    "rock_count": 4,
    "state": {
      "Name": "minecraft:water",
      "Properties": {
        "falling": "true"
      }
    },
    "valid_blocks": [
      "minecraft:dirt",
      "minecraft:terracotta",
      "minecraft:light_gray_terracotta",
      "minecraft:cyan_terracotta",
      "minecraft:light_blue_terracotta",
      "minecraft:blue_terracotta",
      "minecraft:stone",
      "minecraft:granite",
      "minecraft:diorite",
      "minecraft:andesite",
      "biomesoplenty:orange_sandstone"
    ]
  }
}