{
  "type": "minecraft:random_selector",
  "config": {
    "default": "biomesoplenty:orange_maple_tree",
    "features": [
      {
        "chance": 0.05,
        "feature": "minecraft:oak_checked"
      },
      {
        "chance": 0.025,
        "feature": "minecraft:fancy_oak_checked"
      },
      {
        "chance": 0.2,
        "feature": "biomesoplenty:red_maple_tree_checked"
      },
      {
        "chance": 0.3,
        "feature": "biomesoplenty:yellow_maple_tree"
      },
      {
        "chance": 0.1,
        "feature": "biomesoplenty:big_red_maple_tree"
      },
      {
        "chance": 0.1,
        "feature": "biomesoplenty:big_yellow_maple_tree"
      },
      {
        "chance": 0.1,
        "feature": "biomesoplenty:big_orange_maple_tree"
      }
    ]
  }
}