{
  "type": "biomesoplenty:basic_tree",
  "config": {
    "alt_foliage_provider": {
      "type": "minecraft:simple_state_provider",
      "state": {
        "Name": "minecraft:air"
      }
    },
    "decorators": [],
    "foliage_provider": {
      "type": "minecraft:simple_state_provider",
      "state": {
        "Name": "biomesoplenty:willow_leaves",
        "Properties": {
          "distance": "7",
          "mossy": "false",
          "persistent": "false",
          "waterlogged": "false"
        }
      }
    },
    "hanging_chance": 0.0,
    "hanging_provider": {
      "type": "minecraft:simple_state_provider",
      "state": {
        "Name": "minecraft:air"
      }
    },
    "leaf_layers": 4,
    "leaves_layer_height": 2,
    "leaves_offset": 0,
    "max_height": 10,
    "max_leaves_radius": 2,
    "min_height": 6,
    "trunk_fruit_provider": {
      "type": "minecraft:simple_state_provider",
      "state": {
        "Name": "minecraft:air"
      }
    },
    "trunk_provider": {
      "type": "minecraft:simple_state_provider",
      "state": {
        "Name": "biomesoplenty:willow_log",
        "Properties": {
          "axis": "y"
        }
      }
    },
    "vine_provider": {
      "type": "minecraft:simple_state_provider",
      "state": {
        "Name": "biomesoplenty:willow_vine",
        "Properties": {
          "east": "false",
          "north": "false",
          "south": "false",
          "up": "false",
          "west": "false"
        }
      }
    }
  }
}